name,review_date,rating,review_text,email,tags,custom_link,reviewer_photo_url
Emma,2026-01-26,5,Otroligt hur lite produkt som behövs för att få en stor skillnad. Kommer köpa igen!,emma@example.com,,,
Lucas,2025-07-12,5,Perfekt matchning med min hårfärg. Det ser fylligt och friskt ut. Rekommenderar verkligen!,lucas@example.com,,,
Sara,2025-03-01,5,Wow! Äntligen något som faktiskt funkar. Mitt självförtroende har verkligen höjts sen jag började använda Mello.,sara@example.com,,,
Oscar,2026-03-16,5,Älskar hur naturligt det ser ut. Inget kladd och tvättas enkelt ur.,oscar@example.com,,,
Maja,2026-11-28,5,Fantastisk produkt! Har provat dyrare märken men detta är minst lika bra om inte bättre.,maja@example.com,,,
Isak,2025-11-13,5,Superenkel att applicera och resultatet är fantastiskt. Ingen kan se att jag har något i håret.,isak@example.com,,,
Elsa,2026-11-17,5,Helt otroligt resultat! Mitt tunna område på hjässan försvann på 30 sekunder. Ser så naturligt ut.,elsa@example.com,,,
Noah,2026-04-10,5,Perfekt matchning med min hårfärg. Det ser fylligt och friskt ut. Rekommenderar verkligen!,noah@example.com,,,
Alma,2026-11-09,5,Helt otroligt resultat! Mitt tunna område på hjässan försvann på 30 sekunder. Ser så naturligt ut.,alma@example.com,,,
Viktor,2025-09-05,4,Nöjd med resultatet. Ger bra volym och täckning. Kommer definitivt köpa fler!,viktor@example.com,,,
Linnea,2025-07-20,4,Riktigt bra filler. Ibland hamnar lite på pannan om man inte är försiktig men lätt att torka bort.,linnea@example.com,,,
Elias,2026-03-28,5,Fantastisk produkt! Har provat dyrare märken men detta är minst lika bra om inte bättre.,elias@example.com,,,
Ida,2025-04-17,5,Fantastisk produkt! Har provat dyrare märken men detta är minst lika bra om inte bättre.,ida@example.com,,,
Axel,2026-08-02,5,Bästa produkten jag testat för att dölja utväxt och glesa fläckar. Sitter hela dagen utan problem.,axel@example.com,,,
Ellen,2026-06-21,5,Helt otroligt resultat! Mitt tunna område på hjässan försvann på 30 sekunder. Ser så naturligt ut.,ellen@example.com,,,
Hugo,2026-04-16,4,Riktigt bra filler. Ibland hamnar lite på pannan om man inte är försiktig men lätt att torka bort.,hugo@example.com,,,
Nora,2026-07-03,5,Fantastisk produkt! Har provat dyrare märken men detta är minst lika bra om inte bättre.,nora@example.com,,,
Filip,2026-11-06,5,Bästa produkten jag testat för att dölja utväxt och glesa fläckar. Sitter hela dagen utan problem.,filip@example.com,,,
Moa,2026-11-27,5,Helt otroligt resultat! Mitt tunna område på hjässan försvann på 30 sekunder. Ser så naturligt ut.,moa@example.com,,,
Arvid,2026-05-04,4,Nöjd med resultatet. Ger bra volym och täckning. Kommer definitivt köpa fler!,arvid@example.com,,,
Klara,2026-10-27,5,Brukade vara självmedveten om mitt tunna hår men nu känner jag mig som en ny människa.,klara@example.com,,,
William,2025-02-10,5,Älskar hur naturligt det ser ut. Inget kladd och tvättas enkelt ur.,william@example.com,,,
Ella,2026-08-18,4,Gör precis vad den ska. Mitt hår ser betydligt tjockare ut nu.,ella@example.com,,,
Oliver,2025-01-04,4,"Bra produkt, täcker väl. Behöver lite övning för att få det helt jämnt men sen blir det toppen.",oliver@example.com,,,
Tilde,2026-08-26,5,Brukade vara självmedveten om mitt tunna hår men nu känner jag mig som en ny människa.,tilde@example.com,,,
Theo,2026-08-01,5,Fantastisk produkt! Har provat dyrare märken men detta är minst lika bra om inte bättre.,theo@example.com,,,
Liv,2025-12-28,5,Perfekt matchning med min hårfärg. Det ser fylligt och friskt ut. Rekommenderar verkligen!,liv@example.com,,,
Albin,2026-06-06,5,Perfekt matchning med min hårfärg. Det ser fylligt och friskt ut. Rekommenderar verkligen!,albin@example.com,,,
Signe,2025-07-21,5,Fantastisk produkt! Har provat dyrare märken men detta är minst lika bra om inte bättre.,signe@example.com,,,
Leo,2026-06-05,5,Sitter som berget även när det blåser ute. Mycket nöjd med hållbarheten.,leo@example.com,,,
Stella,2026-01-20,5,Wow! Äntligen något som faktiskt funkar. Mitt självförtroende har verkligen höjts sen jag började använda Mello.,stella@example.com,,,
Edvin,2025-08-24,5,Fantastisk produkt! Har provat dyrare märken men detta är minst lika bra om inte bättre.,edvin@example.com,,,
Mira,2025-11-28,4,"Fungerar jättebra! Sitter bra hela dagen, men man får vara lite försiktig så man inte tar för mycket.",mira@example.com,,,
Vilgot,2026-05-24,4,Riktigt bra filler. Ibland hamnar lite på pannan om man inte är försiktig men lätt att torka bort.,vilgot@example.com,,,
Saga,2025-02-11,5,Bästa produkten jag testat för att dölja utväxt och glesa fläckar. Sitter hela dagen utan problem.,saga@example.com,,,
Melvin,2025-04-01,5,Fantastisk produkt! Har provat dyrare märken men detta är minst lika bra om inte bättre.,melvin@example.com,,,
Tindra,2026-11-20,5,Superenkel att applicera och resultatet är fantastiskt. Ingen kan se att jag har något i håret.,tindra@example.com,,,
Emil,2026-11-23,5,Otroligt hur lite produkt som behövs för att få en stor skillnad. Kommer köpa igen!,emil@example.com,,,
Selma,2025-09-09,5,Wow! Äntligen något som faktiskt funkar. Mitt självförtroende har verkligen höjts sen jag började använda Mello.,selma@example.com,,,
Vincent,2026-04-17,5,Perfekt matchning med min hårfärg. Det ser fylligt och friskt ut. Rekommenderar verkligen!,vincent@example.com,,,
Frida,2026-04-25,4,"Bra produkt, täcker väl. Behöver lite övning för att få det helt jämnt men sen blir det toppen.",frida@example.com,,,
Sixten,2026-11-08,5,Otroligt hur lite produkt som behövs för att få en stor skillnad. Kommer köpa igen!,sixten@example.com,,,
Astrid,2026-02-04,5,Bästa produkten jag testat för att dölja utväxt och glesa fläckar. Sitter hela dagen utan problem.,astrid@example.com,,,
Rasmus,2026-09-13,5,Älskar hur naturligt det ser ut. Inget kladd och tvättas enkelt ur.,rasmus@example.com,,,
Elvira,2025-07-06,4,"Bra produkt, täcker väl. Behöver lite övning för att få det helt jämnt men sen blir det toppen.",elvira@example.com,,,
Ludvig,2025-05-14,5,Otroligt hur lite produkt som behövs för att få en stor skillnad. Kommer köpa igen!,ludvig@example.com,,,
Amanda,2026-03-03,5,Sitter som berget även när det blåser ute. Mycket nöjd med hållbarheten.,amanda@example.com,,,
Anton,2025-09-09,5,Superenkel att applicera och resultatet är fantastiskt. Ingen kan se att jag har något i håret.,anton@example.com,,,
Hanna,2025-02-15,5,Fantastisk produkt! Har provat dyrare märken men detta är minst lika bra om inte bättre.,hanna@example.com,,,
Jesper,2025-01-02,5,Perfekt matchning med min hårfärg. Det ser fylligt och friskt ut. Rekommenderar verkligen!,jesper@example.com,,,
Matilda,2025-11-24,4,"Bra produkt, täcker väl. Behöver lite övning för att få det helt jämnt men sen blir det toppen.",matilda@example.com,,,
Sebastian,2025-08-23,4,Nöjd med resultatet. Ger bra volym och täckning. Kommer definitivt köpa fler!,sebastian@example.com,,,
Sofia,2026-04-05,4,Riktigt bra filler. Ibland hamnar lite på pannan om man inte är försiktig men lätt att torka bort.,sofia@example.com,,,
Max,2026-04-04,5,Älskar hur naturligt det ser ut. Inget kladd och tvättas enkelt ur.,max@example.com,,,
Lovisa,2025-08-26,5,Otroligt hur lite produkt som behövs för att få en stor skillnad. Kommer köpa igen!,lovisa@example.com,,,
Benjamin,2025-12-14,5,Perfekt matchning med min hårfärg. Det ser fylligt och friskt ut. Rekommenderar verkligen!,benjamin@example.com,,,
Cornelia,2025-05-03,5,Otroligt hur lite produkt som behövs för att få en stor skillnad. Kommer köpa igen!,cornelia@example.com,,,
Adam,2026-11-12,5,Älskar hur naturligt det ser ut. Inget kladd och tvättas enkelt ur.,adam@example.com,,,
Wilma,2026-07-24,5,Älskar hur naturligt det ser ut. Inget kladd och tvättas enkelt ur.,wilma@example.com,,,
Gabriel,2025-02-08,4,Riktigt bra filler. Ibland hamnar lite på pannan om man inte är försiktig men lätt att torka bort.,gabriel@example.com,,,
Ebba,2026-05-17,5,Helt otroligt resultat! Mitt tunna område på hjässan försvann på 30 sekunder. Ser så naturligt ut.,ebba@example.com,,,
Isak,2026-08-10,4,"Fungerar jättebra! Sitter bra hela dagen, men man får vara lite försiktig så man inte tar för mycket.",isak@example.com,,,
Märta,2025-04-09,5,Sitter som berget även när det blåser ute. Mycket nöjd med hållbarheten.,märta@example.com,,,
August,2026-02-23,5,Älskar hur naturligt det ser ut. Inget kladd och tvättas enkelt ur.,august@example.com,,,
Freja,2025-08-17,5,Perfekt matchning med min hårfärg. Det ser fylligt och friskt ut. Rekommenderar verkligen!,freja@example.com,,,
Erik,2026-02-14,5,Fantastisk produkt! Har provat dyrare märken men detta är minst lika bra om inte bättre.,erik@example.com,,,
Agnes,2025-07-28,5,Bästa produkten jag testat för att dölja utväxt och glesa fläckar. Sitter hela dagen utan problem.,agnes@example.com,,,
Henrik,2026-10-01,5,Superenkel att applicera och resultatet är fantastiskt. Ingen kan se att jag har något i håret.,henrik@example.com,,,
Vera,2026-09-09,5,Sitter som berget även när det blåser ute. Mycket nöjd med hållbarheten.,vera@example.com,,,
Jonatan,2026-11-01,5,Otroligt hur lite produkt som behövs för att få en stor skillnad. Kommer köpa igen!,jonatan@example.com,,,
Linn,2026-07-18,5,Älskar hur naturligt det ser ut. Inget kladd och tvättas enkelt ur.,linn@example.com,,,
Simon,2025-08-16,4,"Bra produkt, täcker väl. Behöver lite övning för att få det helt jämnt men sen blir det toppen.",simon@example.com,,,
Hedda,2025-04-09,5,Wow! Äntligen något som faktiskt funkar. Mitt självförtroende har verkligen höjts sen jag började använda Mello.,hedda@example.com,,,
Jonathan,2025-10-18,5,Perfekt matchning med min hårfärg. Det ser fylligt och friskt ut. Rekommenderar verkligen!,jonathan@example.com,,,
Tove,2025-07-08,5,Otroligt hur lite produkt som behövs för att få en stor skillnad. Kommer köpa igen!,tove@example.com,,,
Felix,2026-07-21,5,Perfekt matchning med min hårfärg. Det ser fylligt och friskt ut. Rekommenderar verkligen!,felix@example.com,,,
Ingrid,2026-07-03,4,"Fungerar jättebra! Sitter bra hela dagen, men man får vara lite försiktig så man inte tar för mycket.",ingrid@example.com,,,
Marcus,2026-11-27,5,Fantastisk produkt! Har provat dyrare märken men detta är minst lika bra om inte bättre.,marcus@example.com,,,
Tyra,2026-10-20,5,Sitter som berget även när det blåser ute. Mycket nöjd med hållbarheten.,tyra@example.com,,,
Emil,2026-12-07,5,Älskar hur naturligt det ser ut. Inget kladd och tvättas enkelt ur.,emil@example.com,,,
Ronja,2025-03-19,4,Gör precis vad den ska. Mitt hår ser betydligt tjockare ut nu.,ronja@example.com,,,
Anton,2025-04-06,5,Otroligt hur lite produkt som behövs för att få en stor skillnad. Kommer köpa igen!,anton@example.com,,,
Elvira,2025-04-03,4,"Fungerar jättebra! Sitter bra hela dagen, men man får vara lite försiktig så man inte tar för mycket.",elvira@example.com,,,
Liam,2025-09-24,5,Älskar hur naturligt det ser ut. Inget kladd och tvättas enkelt ur.,liam@example.com,,,
Siri,2026-05-22,4,Riktigt bra filler. Ibland hamnar lite på pannan om man inte är försiktig men lätt att torka bort.,siri@example.com,,,
Viktor,2026-12-18,4,Riktigt bra filler. Ibland hamnar lite på pannan om man inte är försiktig men lätt att torka bort.,viktor@example.com,,,
Elise,2026-12-25,5,Sitter som berget även när det blåser ute. Mycket nöjd med hållbarheten.,elise@example.com,,,
Olle,2025-03-18,5,Helt otroligt resultat! Mitt tunna område på hjässan försvann på 30 sekunder. Ser så naturligt ut.,olle@example.com,,,
Moa,2025-04-02,5,Superenkel att applicera och resultatet är fantastiskt. Ingen kan se att jag har något i håret.,moa@example.com,,,
Eddie,2026-10-12,5,Sitter som berget även när det blåser ute. Mycket nöjd med hållbarheten.,eddie@example.com,,,
Lova,2026-03-14,5,Superenkel att applicera och resultatet är fantastiskt. Ingen kan se att jag har något i håret.,lova@example.com,,,
Arvid,2026-12-21,5,Älskar hur naturligt det ser ut. Inget kladd och tvättas enkelt ur.,arvid@example.com,,,
Elsa,2025-04-15,5,Sitter som berget även när det blåser ute. Mycket nöjd med hållbarheten.,elsa@example.com,,,
Ludde,2026-04-07,5,Bästa produkten jag testat för att dölja utväxt och glesa fläckar. Sitter hela dagen utan problem.,ludde@example.com,,,
Saga,2026-11-26,5,Fantastisk produkt! Har provat dyrare märken men detta är minst lika bra om inte bättre.,saga@example.com,,,
Wilmer,2026-03-04,5,Fantastisk produkt! Har provat dyrare märken men detta är minst lika bra om inte bättre.,wilmer@example.com,,,
Tilde,2026-04-23,5,Helt otroligt resultat! Mitt tunna område på hjässan försvann på 30 sekunder. Ser så naturligt ut.,tilde@example.com,,,
Elliot,2025-06-24,5,Älskar hur naturligt det ser ut. Inget kladd och tvättas enkelt ur.,elliot@example.com,,,
Maja,2025-06-17,5,Fantastisk produkt! Har provat dyrare märken men detta är minst lika bra om inte bättre.,maja@example.com,,,
Ludvig,2025-01-07,5,Bästa produkten jag testat för att dölja utväxt och glesa fläckar. Sitter hela dagen utan problem.,ludvig@example.com,,,
Alva,2026-10-26,5,Wow! Äntligen något som faktiskt funkar. Mitt självförtroende har verkligen höjts sen jag började använda Mello.,alva@example.com,,,
Viggo,2026-03-12,5,Perfekt matchning med min hårfärg. Det ser fylligt och friskt ut. Rekommenderar verkligen!,viggo@example.com,,,
Elin,2026-10-19,5,Wow! Äntligen något som faktiskt funkar. Mitt självförtroende har verkligen höjts sen jag började använda Mello.,elin@example.com,,,
Ivar,2025-10-28,5,Superenkel att applicera och resultatet är fantastiskt. Ingen kan se att jag har något i håret.,ivar@example.com,,,
Tuva,2025-10-20,5,Fantastisk produkt! Har provat dyrare märken men detta är minst lika bra om inte bättre.,tuva@example.com,,,
Nils,2025-10-23,5,Brukade vara självmedveten om mitt tunna hår men nu känner jag mig som en ny människa.,nils@example.com,,,
Mimmi,2026-11-04,4,Nöjd med resultatet. Ger bra volym och täckning. Kommer definitivt köpa fler!,mimmi@example.com,,,
Joel,2025-04-15,4,Gör precis vad den ska. Mitt hår ser betydligt tjockare ut nu.,joel@example.com,,,
Lina,2025-01-16,5,Brukade vara självmedveten om mitt tunna hår men nu känner jag mig som en ny människa.,lina@example.com,,,
Alfred,2026-02-01,5,Brukade vara självmedveten om mitt tunna hår men nu känner jag mig som en ny människa.,alfred@example.com,,,
Mira,2026-07-15,5,Otroligt hur lite produkt som behövs för att få en stor skillnad. Kommer köpa igen!,mira@example.com,,,
Ebbe,2026-08-22,4,"Bra produkt, täcker väl. Behöver lite övning för att få det helt jämnt men sen blir det toppen.",ebbe@example.com,,,
Tilda,2025-09-26,5,Otroligt hur lite produkt som behövs för att få en stor skillnad. Kommer köpa igen!,tilda@example.com,,,
Malte,2026-06-18,4,Gör precis vad den ska. Mitt hår ser betydligt tjockare ut nu.,malte@example.com,,,
Siri,2026-12-21,5,Brukade vara självmedveten om mitt tunna hår men nu känner jag mig som en ny människa.,siri@example.com,,,
Love,2026-09-08,5,Superenkel att applicera och resultatet är fantastiskt. Ingen kan se att jag har något i håret.,love@example.com,,,
Hedvig,2026-04-05,5,Otroligt hur lite produkt som behövs för att få en stor skillnad. Kommer köpa igen!,hedvig@example.com,,,
Ville,2025-07-09,5,Sitter som berget även när det blåser ute. Mycket nöjd med hållbarheten.,ville@example.com,,,
Nellie,2026-09-06,5,Älskar hur naturligt det ser ut. Inget kladd och tvättas enkelt ur.,nellie@example.com,,,
Hjalmar,2026-12-27,4,Gör precis vad den ska. Mitt hår ser betydligt tjockare ut nu.,hjalmar@example.com,,,
Majken,2025-05-06,4,"Fungerar jättebra! Sitter bra hela dagen, men man får vara lite försiktig så man inte tar för mycket.",majken@example.com,,,
Albin,2026-02-05,5,Wow! Äntligen något som faktiskt funkar. Mitt självförtroende har verkligen höjts sen jag började använda Mello.,albin@example.com,,,
Ester,2026-11-16,4,"Fungerar jättebra! Sitter bra hela dagen, men man får vara lite försiktig så man inte tar för mycket.",ester@example.com,,,
Vidar,2025-10-09,5,Brukade vara självmedveten om mitt tunna hår men nu känner jag mig som en ny människa.,vidar@example.com,,,
Lilly,2025-05-18,4,"Bra produkt, täcker väl. Behöver lite övning för att få det helt jämnt men sen blir det toppen.",lilly@example.com,,,
Oskar,2025-05-10,5,Perfekt matchning med min hårfärg. Det ser fylligt och friskt ut. Rekommenderar verkligen!,oskar@example.com,,,
Märta,2025-04-28,5,Otroligt hur lite produkt som behövs för att få en stor skillnad. Kommer köpa igen!,märta@example.com,,,
Ture,2026-03-21,4,"Bra produkt, täcker väl. Behöver lite övning för att få det helt jämnt men sen blir det toppen.",ture@example.com,,,
Svea,2025-10-16,4,Riktigt bra filler. Ibland hamnar lite på pannan om man inte är försiktig men lätt att torka bort.,svea@example.com,,,
Hannes,2025-06-01,4,Riktigt bra filler. Ibland hamnar lite på pannan om man inte är försiktig men lätt att torka bort.,hannes@example.com,,,
Tyra,2026-07-21,4,"Bra produkt, täcker väl. Behöver lite övning för att få det helt jämnt men sen blir det toppen.",tyra@example.com,,,
Loke,2025-02-10,5,Otroligt hur lite produkt som behövs för att få en stor skillnad. Kommer köpa igen!,loke@example.com,,,
Moa,2025-07-08,4,Riktigt bra filler. Ibland hamnar lite på pannan om man inte är försiktig men lätt att torka bort.,moa@example.com,,,
Algot,2025-12-16,4,Riktigt bra filler. Ibland hamnar lite på pannan om man inte är försiktig men lätt att torka bort.,algot@example.com,,,
Eira,2025-10-09,5,Älskar hur naturligt det ser ut. Inget kladd och tvättas enkelt ur.,eira@example.com,,,
Vilhelm,2026-11-12,5,Wow! Äntligen något som faktiskt funkar. Mitt självförtroende har verkligen höjts sen jag började använda Mello.,vilhelm@example.com,,,
Lova,2026-02-10,5,Älskar hur naturligt det ser ut. Inget kladd och tvättas enkelt ur.,lova@example.com,,,
Ivan,2025-05-06,4,"Fungerar jättebra! Sitter bra hela dagen, men man får vara lite försiktig så man inte tar för mycket.",ivan@example.com,,,
Märta,2025-10-14,5,Sitter som berget även när det blåser ute. Mycket nöjd med hållbarheten.,märta@example.com,,,
Alfred,2025-05-22,5,Sitter som berget även när det blåser ute. Mycket nöjd med hållbarheten.,alfred@example.com,,,
Tindra,2026-01-11,4,Nöjd med resultatet. Ger bra volym och täckning. Kommer definitivt köpa fler!,tindra@example.com,,,
Erik,2026-02-01,4,Riktigt bra filler. Ibland hamnar lite på pannan om man inte är försiktig men lätt att torka bort.,erik@example.com,,,
Lova,2026-05-10,5,Bästa produkten jag testat för att dölja utväxt och glesa fläckar. Sitter hela dagen utan problem.,lova@example.com,,,
Hjalmar,2025-02-21,5,Fantastisk produkt! Har provat dyrare märken men detta är minst lika bra om inte bättre.,hjalmar@example.com,,,
Elsa,2025-04-12,5,Helt otroligt resultat! Mitt tunna område på hjässan försvann på 30 sekunder. Ser så naturligt ut.,elsa@example.com,,,
Viggo,2025-12-28,5,Helt otroligt resultat! Mitt tunna område på hjässan försvann på 30 sekunder. Ser så naturligt ut.,viggo@example.com,,,
Mimmi,2025-02-10,5,Bästa produkten jag testat för att dölja utväxt och glesa fläckar. Sitter hela dagen utan problem.,mimmi@example.com,,,
Ludvig,2025-10-27,5,Superenkel att applicera och resultatet är fantastiskt. Ingen kan se att jag har något i håret.,ludvig@example.com,,,
Alva,2026-03-18,5,Älskar hur naturligt det ser ut. Inget kladd och tvättas enkelt ur.,alva@example.com,,,
Ivar,2026-09-06,4,"Fungerar jättebra! Sitter bra hela dagen, men man får vara lite försiktig så man inte tar för mycket.",ivar@example.com,,,
Tuva,2026-04-04,5,Otroligt hur lite produkt som behövs för att få en stor skillnad. Kommer köpa igen!,tuva@example.com,,,
Nils,2025-08-16,5,Sitter som berget även när det blåser ute. Mycket nöjd med hållbarheten.,nils@example.com,,,
Elin,2025-03-27,5,Älskar hur naturligt det ser ut. Inget kladd och tvättas enkelt ur.,elin@example.com,,,
Joel,2025-11-06,4,Riktigt bra filler. Ibland hamnar lite på pannan om man inte är försiktig men lätt att torka bort.,joel@example.com,,,
Lina,2025-02-08,4,Gör precis vad den ska. Mitt hår ser betydligt tjockare ut nu.,lina@example.com,,,
